okregowaId[1-51];obwodId;obwodNr;obwodTyp;obwodName;obwodAddress;allowedToVote
14;106102-1;1;P;Lokal wyborczy Bałuty Nr. 1;ul. Romanowska 1-1 91-174 Łódź-Bałuty;599
14;106102-2;2;P;Lokal wyborczy Bałuty Nr. 2;ul. Romanowska 1-2 91-174 Łódź-Bałuty;388
14;106102-3;3;P;Lokal wyborczy Bałuty Nr. 3;ul. Romanowska 1-3 91-174 Łódź-Bałuty;2462
14;106102-4;4;P;Lokal wyborczy Bałuty Nr. 4;ul. Romanowska 1-4 91-174 Łódź-Bałuty;1049
14;106102-5;5;P;Lokal wyborczy Bałuty Nr. 5;ul. Romanowska 1-5 91-174 Łódź-Bałuty;228
14;106102-6;6;P;Lokal wyborczy Bałuty Nr. 6;ul. Romanowska 1-6 91-174 Łódź-Bałuty;391
14;106102-7;7;P;Lokal wyborczy Bałuty Nr. 7;ul. Romanowska 1-7 91-174 Łódź-Bałuty;971
14;106102-8;8;P;Lokal wyborczy Bałuty Nr. 8;ul. Romanowska 1-8 91-174 Łódź-Bałuty;1951
14;106102-9;9;P;Lokal wyborczy Bałuty Nr. 9;ul. Romanowska 1-9 91-174 Łódź-Bałuty;2893
14;106102-10;10;P;Lokal wyborczy Bałuty Nr. 10;ul. Romanowska 1-10 91-174 Łódź-Bałuty;1555
14;106102-11;11;P;Lokal wyborczy Bałuty Nr. 11;ul. Romanowska 1-11 91-174 Łódź-Bałuty;2211
14;106102-12;12;P;Lokal wyborczy Bałuty Nr. 12;ul. Romanowska 1-12 91-174 Łódź-Bałuty;2930
14;106102-13;13;P;Lokal wyborczy Bałuty Nr. 13;ul. Romanowska 1-13 91-174 Łódź-Bałuty;1577
14;106102-14;14;P;Lokal wyborczy Bałuty Nr. 14;ul. Romanowska 1-14 91-174 Łódź-Bałuty;1405
14;106102-15;15;P;Lokal wyborczy Bałuty Nr. 15;ul. Romanowska 1-15 91-174 Łódź-Bałuty;2379
14;106102-16;16;P;Lokal wyborczy Bałuty Nr. 16;ul. Romanowska 1-16 91-174 Łódź-Bałuty;1279
14;106102-17;17;P;Lokal wyborczy Bałuty Nr. 17;ul. Romanowska 1-17 91-174 Łódź-Bałuty;411
14;106102-18;18;P;Lokal wyborczy Bałuty Nr. 18;ul. Romanowska 1-18 91-174 Łódź-Bałuty;2949
14;106102-19;19;P;Lokal wyborczy Bałuty Nr. 19;ul. Romanowska 1-19 91-174 Łódź-Bałuty;2080
14;106102-20;20;P;Lokal wyborczy Bałuty Nr. 20;ul. Romanowska 1-20 91-174 Łódź-Bałuty;996
14;106102-21;21;P;Lokal wyborczy Bałuty Nr. 21;ul. Romanowska 1-21 91-174 Łódź-Bałuty;1595
14;106102-22;22;P;Lokal wyborczy Bałuty Nr. 22;ul. Romanowska 1-22 91-174 Łódź-Bałuty;743
14;106102-23;23;P;Lokal wyborczy Bałuty Nr. 23;ul. Romanowska 1-23 91-174 Łódź-Bałuty;156
14;106102-24;24;P;Lokal wyborczy Bałuty Nr. 24;ul. Romanowska 1-24 91-174 Łódź-Bałuty;144
14;106102-25;25;P;Lokal wyborczy Bałuty Nr. 25;ul. Romanowska 1-25 91-174 Łódź-Bałuty;305
14;106102-26;26;P;Lokal wyborczy Bałuty Nr. 26;ul. Romanowska 1-26 91-174 Łódź-Bałuty;521
14;106102-27;27;P;Lokal wyborczy Bałuty Nr. 27;ul. Romanowska 1-27 91-174 Łódź-Bałuty;781
14;106102-28;28;P;Lokal wyborczy Bałuty Nr. 28;ul. Romanowska 1-28 91-174 Łódź-Bałuty;201
14;106102-29;29;P;Lokal wyborczy Bałuty Nr. 29;ul. Romanowska 1-29 91-174 Łódź-Bałuty;480
14;106102-30;30;P;Lokal wyborczy Bałuty Nr. 30;ul. Romanowska 1-30 91-174 Łódź-Bałuty;57
14;106102-31;31;P;Lokal wyborczy Bałuty Nr. 31;ul. Romanowska 1-31 91-174 Łódź-Bałuty;2782
14;106102-32;32;P;Lokal wyborczy Bałuty Nr. 32;ul. Romanowska 1-32 91-174 Łódź-Bałuty;1815
14;106102-33;33;P;Lokal wyborczy Bałuty Nr. 33;ul. Romanowska 1-33 91-174 Łódź-Bałuty;273
14;106102-34;34;P;Lokal wyborczy Bałuty Nr. 34;ul. Romanowska 1-34 91-174 Łódź-Bałuty;2485
14;106102-35;35;P;Lokal wyborczy Bałuty Nr. 35;ul. Romanowska 1-35 91-174 Łódź-Bałuty;303
14;106102-36;36;P;Lokal wyborczy Bałuty Nr. 36;ul. Romanowska 1-36 91-174 Łódź-Bałuty;1176
14;106102-37;37;P;Lokal wyborczy Bałuty Nr. 37;ul. Romanowska 1-37 91-174 Łódź-Bałuty;2263
14;106102-38;38;P;Lokal wyborczy Bałuty Nr. 38;ul. Romanowska 1-38 91-174 Łódź-Bałuty;2643
14;106102-39;39;P;Lokal wyborczy Bałuty Nr. 39;ul. Romanowska 1-39 91-174 Łódź-Bałuty;1475
14;106102-40;40;P;Lokal wyborczy Bałuty Nr. 40;ul. Romanowska 1-40 91-174 Łódź-Bałuty;1138
14;106102-41;41;P;Lokal wyborczy Bałuty Nr. 41;ul. Romanowska 1-41 91-174 Łódź-Bałuty;2407
14;106102-42;42;P;Lokal wyborczy Bałuty Nr. 42;ul. Romanowska 1-42 91-174 Łódź-Bałuty;2964
14;106102-43;43;P;Lokal wyborczy Bałuty Nr. 43;ul. Romanowska 1-43 91-174 Łódź-Bałuty;1471
14;106102-44;44;P;Lokal wyborczy Bałuty Nr. 44;ul. Romanowska 1-44 91-174 Łódź-Bałuty;1004
14;106102-45;45;P;Lokal wyborczy Bałuty Nr. 45;ul. Romanowska 1-45 91-174 Łódź-Bałuty;705
14;106102-46;46;P;Lokal wyborczy Bałuty Nr. 46;ul. Romanowska 1-46 91-174 Łódź-Bałuty;2793
14;106102-47;47;P;Lokal wyborczy Bałuty Nr. 47;ul. Romanowska 1-47 91-174 Łódź-Bałuty;695
14;106102-48;48;P;Lokal wyborczy Bałuty Nr. 48;ul. Romanowska 1-48 91-174 Łódź-Bałuty;2942
14;106102-49;49;P;Lokal wyborczy Bałuty Nr. 49;ul. Romanowska 1-49 91-174 Łódź-Bałuty;1142
14;106102-50;50;P;Lokal wyborczy Bałuty Nr. 50;ul. Romanowska 1-50 91-174 Łódź-Bałuty;2360
14;106102-51;51;P;Lokal wyborczy Bałuty Nr. 51;ul. Romanowska 1-51 91-174 Łódź-Bałuty;2178
14;106102-52;52;P;Lokal wyborczy Bałuty Nr. 52;ul. Romanowska 1-52 91-174 Łódź-Bałuty;1327
14;106102-53;53;P;Lokal wyborczy Bałuty Nr. 53;ul. Romanowska 1-53 91-174 Łódź-Bałuty;1361
14;106102-54;54;P;Lokal wyborczy Bałuty Nr. 54;ul. Romanowska 1-54 91-174 Łódź-Bałuty;2948
14;106102-55;55;P;Lokal wyborczy Bałuty Nr. 55;ul. Romanowska 1-55 91-174 Łódź-Bałuty;1632
14;106102-56;56;P;Lokal wyborczy Bałuty Nr. 56;ul. Romanowska 1-56 91-174 Łódź-Bałuty;2336
14;106102-57;57;P;Lokal wyborczy Bałuty Nr. 57;ul. Romanowska 1-57 91-174 Łódź-Bałuty;995
14;106102-58;58;P;Lokal wyborczy Bałuty Nr. 58;ul. Romanowska 1-58 91-174 Łódź-Bałuty;2754
14;106102-59;59;P;Lokal wyborczy Bałuty Nr. 59;ul. Romanowska 1-59 91-174 Łódź-Bałuty;1676
14;106102-60;60;P;Lokal wyborczy Bałuty Nr. 60;ul. Romanowska 1-60 91-174 Łódź-Bałuty;2626
14;106102-61;61;P;Lokal wyborczy Bałuty Nr. 61;ul. Romanowska 1-61 91-174 Łódź-Bałuty;1794
14;106102-62;62;P;Lokal wyborczy Bałuty Nr. 62;ul. Romanowska 1-62 91-174 Łódź-Bałuty;2908
14;106102-63;63;P;Lokal wyborczy Bałuty Nr. 63;ul. Romanowska 1-63 91-174 Łódź-Bałuty;1157
14;106102-64;64;P;Lokal wyborczy Bałuty Nr. 64;ul. Romanowska 1-64 91-174 Łódź-Bałuty;68
14;106102-65;65;P;Lokal wyborczy Bałuty Nr. 65;ul. Romanowska 1-65 91-174 Łódź-Bałuty;2462
14;106102-66;66;P;Lokal wyborczy Bałuty Nr. 66;ul. Romanowska 1-66 91-174 Łódź-Bałuty;2702
14;106102-67;67;P;Lokal wyborczy Bałuty Nr. 67;ul. Romanowska 1-67 91-174 Łódź-Bałuty;2874
14;106102-68;68;P;Lokal wyborczy Bałuty Nr. 68;ul. Romanowska 1-68 91-174 Łódź-Bałuty;1678
14;106102-69;69;P;Lokal wyborczy Bałuty Nr. 69;ul. Romanowska 1-69 91-174 Łódź-Bałuty;861
14;106102-70;70;P;Lokal wyborczy Bałuty Nr. 70;ul. Romanowska 1-70 91-174 Łódź-Bałuty;1983
14;106102-71;71;P;Lokal wyborczy Bałuty Nr. 71;ul. Romanowska 1-71 91-174 Łódź-Bałuty;259
14;106102-72;72;P;Lokal wyborczy Bałuty Nr. 72;ul. Romanowska 1-72 91-174 Łódź-Bałuty;530
14;106102-73;73;P;Lokal wyborczy Bałuty Nr. 73;ul. Romanowska 1-73 91-174 Łódź-Bałuty;569
14;106102-74;74;P;Lokal wyborczy Bałuty Nr. 74;ul. Romanowska 1-74 91-174 Łódź-Bałuty;1727
14;106102-75;75;P;Lokal wyborczy Bałuty Nr. 75;ul. Romanowska 1-75 91-174 Łódź-Bałuty;1557
14;106102-76;76;P;Lokal wyborczy Bałuty Nr. 76;ul. Romanowska 1-76 91-174 Łódź-Bałuty;1797
14;106102-77;77;P;Lokal wyborczy Bałuty Nr. 77;ul. Romanowska 1-77 91-174 Łódź-Bałuty;1402
14;106102-78;78;P;Lokal wyborczy Bałuty Nr. 78;ul. Romanowska 1-78 91-174 Łódź-Bałuty;306
14;106102-79;79;P;Lokal wyborczy Bałuty Nr. 79;ul. Romanowska 1-79 91-174 Łódź-Bałuty;2774
14;106102-80;80;P;Lokal wyborczy Bałuty Nr. 80;ul. Romanowska 1-80 91-174 Łódź-Bałuty;1151
14;106102-81;81;P;Lokal wyborczy Bałuty Nr. 81;ul. Romanowska 1-81 91-174 Łódź-Bałuty;2217
14;106102-82;82;P;Lokal wyborczy Bałuty Nr. 82;ul. Romanowska 1-82 91-174 Łódź-Bałuty;396
14;106102-83;83;P;Lokal wyborczy Bałuty Nr. 83;ul. Romanowska 1-83 91-174 Łódź-Bałuty;348
14;106102-84;84;P;Lokal wyborczy Bałuty Nr. 84;ul. Romanowska 1-84 91-174 Łódź-Bałuty;1031
14;106102-85;85;P;Lokal wyborczy Bałuty Nr. 85;ul. Romanowska 1-85 91-174 Łódź-Bałuty;2448
14;106102-86;86;P;Lokal wyborczy Bałuty Nr. 86;ul. Romanowska 1-86 91-174 Łódź-Bałuty;1751
14;106102-87;87;P;Lokal wyborczy Bałuty Nr. 87;ul. Romanowska 1-87 91-174 Łódź-Bałuty;2036
14;106102-88;88;P;Lokal wyborczy Bałuty Nr. 88;ul. Romanowska 1-88 91-174 Łódź-Bałuty;1026
14;106102-89;89;P;Lokal wyborczy Bałuty Nr. 89;ul. Romanowska 1-89 91-174 Łódź-Bałuty;179
14;106102-90;90;P;Lokal wyborczy Bałuty Nr. 90;ul. Romanowska 1-90 91-174 Łódź-Bałuty;2869
14;106102-91;91;P;Lokal wyborczy Bałuty Nr. 91;ul. Romanowska 1-91 91-174 Łódź-Bałuty;143
14;106102-92;92;P;Lokal wyborczy Bałuty Nr. 92;ul. Romanowska 1-92 91-174 Łódź-Bałuty;2592
14;106102-93;93;P;Lokal wyborczy Bałuty Nr. 93;ul. Romanowska 1-93 91-174 Łódź-Bałuty;2707
14;106102-94;94;P;Lokal wyborczy Bałuty Nr. 94;ul. Romanowska 1-94 91-174 Łódź-Bałuty;2949
14;106102-95;95;P;Lokal wyborczy Bałuty Nr. 95;ul. Romanowska 1-95 91-174 Łódź-Bałuty;2779
14;106102-96;96;P;Lokal wyborczy Bałuty Nr. 96;ul. Romanowska 1-96 91-174 Łódź-Bałuty;1611
14;106102-97;97;P;Lokal wyborczy Bałuty Nr. 97;ul. Romanowska 1-97 91-174 Łódź-Bałuty;2631
14;106102-98;98;P;Lokal wyborczy Bałuty Nr. 98;ul. Romanowska 1-98 91-174 Łódź-Bałuty;2638
14;106102-99;99;P;Lokal wyborczy Bałuty Nr. 99;ul. Romanowska 1-99 91-174 Łódź-Bałuty;2042
14;106102-100;100;P;Lokal wyborczy Bałuty Nr. 100;ul. Romanowska 1-100 91-174 Łódź-Bałuty;1328
14;106102-101;101;P;Lokal wyborczy Bałuty Nr. 101;ul. Romanowska 1-101 91-174 Łódź-Bałuty;1387
14;106102-102;102;P;Lokal wyborczy Bałuty Nr. 102;ul. Romanowska 1-102 91-174 Łódź-Bałuty;1679
14;106102-103;103;P;Lokal wyborczy Bałuty Nr. 103;ul. Romanowska 1-103 91-174 Łódź-Bałuty;310
14;106102-104;104;P;Lokal wyborczy Bałuty Nr. 104;ul. Romanowska 1-104 91-174 Łódź-Bałuty;144
14;106102-105;105;P;Lokal wyborczy Bałuty Nr. 105;ul. Romanowska 1-105 91-174 Łódź-Bałuty;793
14;106102-106;106;P;Lokal wyborczy Bałuty Nr. 106;ul. Romanowska 1-106 91-174 Łódź-Bałuty;901
14;106102-107;107;P;Lokal wyborczy Bałuty Nr. 107;ul. Romanowska 1-107 91-174 Łódź-Bałuty;1081
14;106102-108;108;P;Lokal wyborczy Bałuty Nr. 108;ul. Romanowska 1-108 91-174 Łódź-Bałuty;2068
14;106102-109;109;P;Lokal wyborczy Bałuty Nr. 109;ul. Romanowska 1-109 91-174 Łódź-Bałuty;189
14;106102-110;110;P;Lokal wyborczy Bałuty Nr. 110;ul. Romanowska 1-110 91-174 Łódź-Bałuty;465
14;106102-111;111;P;Lokal wyborczy Bałuty Nr. 111;ul. Romanowska 1-111 91-174 Łódź-Bałuty;1004
14;106102-112;112;P;Lokal wyborczy Bałuty Nr. 112;ul. Romanowska 1-112 91-174 Łódź-Bałuty;1595
14;106102-113;113;P;Lokal wyborczy Bałuty Nr. 113;ul. Romanowska 1-113 91-174 Łódź-Bałuty;226
14;106102-114;114;P;Lokal wyborczy Bałuty Nr. 114;ul. Romanowska 1-114 91-174 Łódź-Bałuty;1181
14;106102-115;115;P;Lokal wyborczy Bałuty Nr. 115;ul. Romanowska 1-115 91-174 Łódź-Bałuty;2657
14;106102-116;116;P;Lokal wyborczy Bałuty Nr. 116;ul. Romanowska 1-116 91-174 Łódź-Bałuty;1228
14;106102-117;117;P;Lokal wyborczy Bałuty Nr. 117;ul. Romanowska 1-117 91-174 Łódź-Bałuty;1318
14;106102-118;118;P;Lokal wyborczy Bałuty Nr. 118;ul. Romanowska 1-118 91-174 Łódź-Bałuty;1469
14;106102-119;119;P;Lokal wyborczy Bałuty Nr. 119;ul. Romanowska 1-119 91-174 Łódź-Bałuty;1722
14;106102-120;120;P;Lokal wyborczy Bałuty Nr. 120;ul. Romanowska 1-120 91-174 Łódź-Bałuty;1937
14;106102-121;121;P;Lokal wyborczy Bałuty Nr. 121;ul. Romanowska 1-121 91-174 Łódź-Bałuty;2282
14;106102-122;122;P;Lokal wyborczy Bałuty Nr. 122;ul. Romanowska 1-122 91-174 Łódź-Bałuty;1260
14;106102-123;123;P;Lokal wyborczy Bałuty Nr. 123;ul. Romanowska 1-123 91-174 Łódź-Bałuty;856
14;106102-124;124;P;Lokal wyborczy Bałuty Nr. 124;ul. Romanowska 1-124 91-174 Łódź-Bałuty;521
14;106102-125;125;P;Lokal wyborczy Bałuty Nr. 125;ul. Romanowska 1-125 91-174 Łódź-Bałuty;756
14;106102-126;126;P;Lokal wyborczy Bałuty Nr. 126;ul. Romanowska 1-126 91-174 Łódź-Bałuty;271
14;106102-127;127;P;Lokal wyborczy Bałuty Nr. 127;ul. Romanowska 1-127 91-174 Łódź-Bałuty;2510
14;106102-128;128;P;Lokal wyborczy Bałuty Nr. 128;ul. Romanowska 1-128 91-174 Łódź-Bałuty;1635
14;106102-129;129;P;Lokal wyborczy Bałuty Nr. 129;ul. Romanowska 1-129 91-174 Łódź-Bałuty;532
14;106102-130;130;P;Lokal wyborczy Bałuty Nr. 130;ul. Romanowska 1-130 91-174 Łódź-Bałuty;1086
14;106102-131;131;P;Lokal wyborczy Bałuty Nr. 131;ul. Romanowska 1-131 91-174 Łódź-Bałuty;1639
14;106102-132;132;P;Lokal wyborczy Bałuty Nr. 132;ul. Romanowska 1-132 91-174 Łódź-Bałuty;932
14;106102-133;133;P;Lokal wyborczy Bałuty Nr. 133;ul. Romanowska 1-133 91-174 Łódź-Bałuty;223
14;106102-134;134;P;Lokal wyborczy Bałuty Nr. 134;ul. Romanowska 1-134 91-174 Łódź-Bałuty;1338
14;106102-135;135;P;Lokal wyborczy Bałuty Nr. 135;ul. Romanowska 1-135 91-174 Łódź-Bałuty;2252
14;106102-136;136;P;Lokal wyborczy Bałuty Nr. 136;ul. Romanowska 1-136 91-174 Łódź-Bałuty;594
14;106102-137;137;P;Lokal wyborczy Bałuty Nr. 137;ul. Romanowska 1-137 91-174 Łódź-Bałuty;1584
14;106102-138;138;P;Lokal wyborczy Bałuty Nr. 138;ul. Romanowska 1-138 91-174 Łódź-Bałuty;862
14;106102-139;139;P;Lokal wyborczy Bałuty Nr. 139;ul. Romanowska 1-139 91-174 Łódź-Bałuty;1829
14;106102-140;140;P;Lokal wyborczy Bałuty Nr. 140;ul. Romanowska 1-140 91-174 Łódź-Bałuty;2770
14;106102-141;141;P;Lokal wyborczy Bałuty Nr. 141;ul. Romanowska 1-141 91-174 Łódź-Bałuty;559
14;106102-142;142;P;Lokal wyborczy Bałuty Nr. 142;ul. Romanowska 1-142 91-174 Łódź-Bałuty;2203
14;106102-143;143;P;Lokal wyborczy Bałuty Nr. 143;ul. Romanowska 1-143 91-174 Łódź-Bałuty;1735
14;106102-144;144;P;Lokal wyborczy Bałuty Nr. 144;ul. Romanowska 1-144 91-174 Łódź-Bałuty;2411
14;106102-145;145;P;Lokal wyborczy Bałuty Nr. 145;ul. Romanowska 1-145 91-174 Łódź-Bałuty;739
14;106102-146;146;P;Lokal wyborczy Bałuty Nr. 146;ul. Romanowska 1-146 91-174 Łódź-Bałuty;780
14;106102-147;147;P;Lokal wyborczy Bałuty Nr. 147;ul. Romanowska 1-147 91-174 Łódź-Bałuty;2368
14;106102-148;148;P;Lokal wyborczy Bałuty Nr. 148;ul. Romanowska 1-148 91-174 Łódź-Bałuty;1525
14;106102-149;149;P;Lokal wyborczy Bałuty Nr. 149;ul. Romanowska 1-149 91-174 Łódź-Bałuty;1923
14;106102-150;150;P;Lokal wyborczy Bałuty Nr. 150;ul. Romanowska 1-150 91-174 Łódź-Bałuty;1733
14;106102-151;151;P;Lokal wyborczy Bałuty Nr. 151;ul. Romanowska 1-151 91-174 Łódź-Bałuty;1382
14;106102-152;152;P;Lokal wyborczy Bałuty Nr. 152;ul. Romanowska 1-152 91-174 Łódź-Bałuty;296
14;106102-153;153;P;Lokal wyborczy Bałuty Nr. 153;ul. Romanowska 1-153 91-174 Łódź-Bałuty;2281
14;106102-154;154;P;Lokal wyborczy Bałuty Nr. 154;ul. Romanowska 1-154 91-174 Łódź-Bałuty;1418
14;106102-155;155;P;Lokal wyborczy Bałuty Nr. 155;ul. Romanowska 1-155 91-174 Łódź-Bałuty;1611
14;106102-156;156;P;Lokal wyborczy Bałuty Nr. 156;ul. Romanowska 1-156 91-174 Łódź-Bałuty;1367
14;106102-157;157;P;Lokal wyborczy Bałuty Nr. 157;ul. Romanowska 1-157 91-174 Łódź-Bałuty;1146
14;106102-158;158;P;Lokal wyborczy Bałuty Nr. 158;ul. Romanowska 1-158 91-174 Łódź-Bałuty;1779
14;106102-159;159;P;Lokal wyborczy Bałuty Nr. 159;ul. Romanowska 1-159 91-174 Łódź-Bałuty;109
14;106102-160;160;P;Lokal wyborczy Bałuty Nr. 160;ul. Romanowska 1-160 91-174 Łódź-Bałuty;1981
14;106102-161;161;P;Lokal wyborczy Bałuty Nr. 161;ul. Romanowska 1-161 91-174 Łódź-Bałuty;13
14;106102-162;162;P;Lokal wyborczy Bałuty Nr. 162;ul. Romanowska 1-162 91-174 Łódź-Bałuty;1524
14;106102-163;163;P;Lokal wyborczy Bałuty Nr. 163;ul. Romanowska 1-163 91-174 Łódź-Bałuty;1842
14;106102-164;164;P;Lokal wyborczy Bałuty Nr. 164;ul. Romanowska 1-164 91-174 Łódź-Bałuty;1498
14;106102-165;165;P;Lokal wyborczy Bałuty Nr. 165;ul. Romanowska 1-165 91-174 Łódź-Bałuty;1610
14;106102-166;166;P;Lokal wyborczy Bałuty Nr. 166;ul. Romanowska 1-166 91-174 Łódź-Bałuty;2712
14;106102-167;167;P;Lokal wyborczy Bałuty Nr. 167;ul. Romanowska 1-167 91-174 Łódź-Bałuty;726
14;106102-168;168;P;Lokal wyborczy Bałuty Nr. 168;ul. Romanowska 1-168 91-174 Łódź-Bałuty;1447
14;106102-169;169;P;Lokal wyborczy Bałuty Nr. 169;ul. Romanowska 1-169 91-174 Łódź-Bałuty;2796
14;106102-170;170;P;Lokal wyborczy Bałuty Nr. 170;ul. Romanowska 1-170 91-174 Łódź-Bałuty;1477
14;106102-171;171;P;Lokal wyborczy Bałuty Nr. 171;ul. Romanowska 1-171 91-174 Łódź-Bałuty;2925
14;106102-172;172;P;Lokal wyborczy Bałuty Nr. 172;ul. Romanowska 1-172 91-174 Łódź-Bałuty;2114
14;106102-173;173;P;Lokal wyborczy Bałuty Nr. 173;ul. Romanowska 1-173 91-174 Łódź-Bałuty;1321
14;106102-174;174;P;Lokal wyborczy Bałuty Nr. 174;ul. Romanowska 1-174 91-174 Łódź-Bałuty;2476
14;106102-175;175;P;Lokal wyborczy Bałuty Nr. 175;ul. Romanowska 1-175 91-174 Łódź-Bałuty;62
14;106102-176;176;P;Lokal wyborczy Bałuty Nr. 176;ul. Romanowska 1-176 91-174 Łódź-Bałuty;2453
14;106102-177;177;P;Lokal wyborczy Bałuty Nr. 177;ul. Romanowska 1-177 91-174 Łódź-Bałuty;2437
14;106102-178;178;P;Lokal wyborczy Bałuty Nr. 178;ul. Romanowska 1-178 91-174 Łódź-Bałuty;1822
14;106102-179;179;P;Lokal wyborczy Bałuty Nr. 179;ul. Romanowska 1-179 91-174 Łódź-Bałuty;422
14;106102-180;180;P;Lokal wyborczy Bałuty Nr. 180;ul. Romanowska 1-180 91-174 Łódź-Bałuty;84
14;106102-181;181;P;Lokal wyborczy Bałuty Nr. 181;ul. Romanowska 1-181 91-174 Łódź-Bałuty;2194
14;106102-182;182;P;Lokal wyborczy Bałuty Nr. 182;ul. Romanowska 1-182 91-174 Łódź-Bałuty;2528
14;106102-183;183;P;Lokal wyborczy Bałuty Nr. 183;ul. Romanowska 1-183 91-174 Łódź-Bałuty;2318
14;106102-184;184;P;Lokal wyborczy Bałuty Nr. 184;ul. Romanowska 1-184 91-174 Łódź-Bałuty;1148
14;106102-185;185;P;Lokal wyborczy Bałuty Nr. 185;ul. Romanowska 1-185 91-174 Łódź-Bałuty;1498
14;106102-186;186;P;Lokal wyborczy Bałuty Nr. 186;ul. Romanowska 1-186 91-174 Łódź-Bałuty;2518
14;106102-187;187;P;Lokal wyborczy Bałuty Nr. 187;ul. Romanowska 1-187 91-174 Łódź-Bałuty;2478
14;106102-188;188;P;Lokal wyborczy Bałuty Nr. 188;ul. Romanowska 1-188 91-174 Łódź-Bałuty;2148
14;106102-189;189;P;Lokal wyborczy Bałuty Nr. 189;ul. Romanowska 1-189 91-174 Łódź-Bałuty;882
14;106102-190;190;P;Lokal wyborczy Bałuty Nr. 190;ul. Romanowska 1-190 91-174 Łódź-Bałuty;1488
14;106102-191;191;P;Lokal wyborczy Bałuty Nr. 191;ul. Romanowska 1-191 91-174 Łódź-Bałuty;420
14;106102-192;192;P;Lokal wyborczy Bałuty Nr. 192;ul. Romanowska 1-192 91-174 Łódź-Bałuty;886
14;106102-193;193;P;Lokal wyborczy Bałuty Nr. 193;ul. Romanowska 1-193 91-174 Łódź-Bałuty;2635
14;106102-194;194;P;Lokal wyborczy Bałuty Nr. 194;ul. Romanowska 1-194 91-174 Łódź-Bałuty;2793
14;106102-195;195;P;Lokal wyborczy Bałuty Nr. 195;ul. Romanowska 1-195 91-174 Łódź-Bałuty;1932
14;106102-196;196;P;Lokal wyborczy Bałuty Nr. 196;ul. Romanowska 1-196 91-174 Łódź-Bałuty;2001
14;106102-197;197;P;Lokal wyborczy Bałuty Nr. 197;ul. Romanowska 1-197 91-174 Łódź-Bałuty;2429
14;106102-198;198;P;Lokal wyborczy Bałuty Nr. 198;ul. Romanowska 1-198 91-174 Łódź-Bałuty;2824
14;106102-199;199;P;Lokal wyborczy Bałuty Nr. 199;ul. Romanowska 1-199 91-174 Łódź-Bałuty;2311
14;106102-200;200;P;Lokal wyborczy Bałuty Nr. 200;ul. Romanowska 1-200 91-174 Łódź-Bałuty;1605
14;106102-201;201;P;Lokal wyborczy Bałuty Nr. 201;ul. Romanowska 1-201 91-174 Łódź-Bałuty;111
14;106102-202;202;P;Lokal wyborczy Bałuty Nr. 202;ul. Romanowska 1-202 91-174 Łódź-Bałuty;1335
14;106102-203;203;P;Lokal wyborczy Bałuty Nr. 203;ul. Romanowska 1-203 91-174 Łódź-Bałuty;948
14;106102-204;204;P;Lokal wyborczy Bałuty Nr. 204;ul. Romanowska 1-204 91-174 Łódź-Bałuty;294
14;106102-205;205;P;Lokal wyborczy Bałuty Nr. 205;ul. Romanowska 1-205 91-174 Łódź-Bałuty;359
14;106102-206;206;P;Lokal wyborczy Bałuty Nr. 206;ul. Romanowska 1-206 91-174 Łódź-Bałuty;2240
14;106102-207;207;P;Lokal wyborczy Bałuty Nr. 207;ul. Romanowska 1-207 91-174 Łódź-Bałuty;766
14;106102-208;208;P;Lokal wyborczy Bałuty Nr. 208;ul. Romanowska 1-208 91-174 Łódź-Bałuty;1950
14;106102-209;209;P;Lokal wyborczy Bałuty Nr. 209;ul. Romanowska 1-209 91-174 Łódź-Bałuty;2187
14;106102-210;210;P;Lokal wyborczy Bałuty Nr. 210;ul. Romanowska 1-210 91-174 Łódź-Bałuty;482
14;106102-211;211;P;Lokal wyborczy Bałuty Nr. 211;ul. Romanowska 1-211 91-174 Łódź-Bałuty;2434
14;106102-212;212;P;Lokal wyborczy Bałuty Nr. 212;ul. Romanowska 1-212 91-174 Łódź-Bałuty;909
14;106102-213;213;P;Lokal wyborczy Bałuty Nr. 213;ul. Romanowska 1-213 91-174 Łódź-Bałuty;1446
14;106102-214;214;P;Lokal wyborczy Bałuty Nr. 214;ul. Romanowska 1-214 91-174 Łódź-Bałuty;2448
14;106102-215;215;P;Lokal wyborczy Bałuty Nr. 215;ul. Romanowska 1-215 91-174 Łódź-Bałuty;2060
14;106102-216;216;P;Lokal wyborczy Bałuty Nr. 216;ul. Romanowska 1-216 91-174 Łódź-Bałuty;2342
14;106102-217;217;P;Lokal wyborczy Bałuty Nr. 217;ul. Romanowska 1-217 91-174 Łódź-Bałuty;2612
14;106102-218;218;P;Lokal wyborczy Bałuty Nr. 218;ul. Romanowska 1-218 91-174 Łódź-Bałuty;1603
14;106102-219;219;P;Lokal wyborczy Bałuty Nr. 219;ul. Romanowska 1-219 91-174 Łódź-Bałuty;634
14;106102-220;220;P;Lokal wyborczy Bałuty Nr. 220;ul. Romanowska 1-220 91-174 Łódź-Bałuty;1729
14;106102-221;221;P;Lokal wyborczy Bałuty Nr. 221;ul. Romanowska 1-221 91-174 Łódź-Bałuty;1456
14;106102-222;222;P;Lokal wyborczy Bałuty Nr. 222;ul. Romanowska 1-222 91-174 Łódź-Bałuty;1476
14;106102-223;223;P;Lokal wyborczy Bałuty Nr. 223;ul. Romanowska 1-223 91-174 Łódź-Bałuty;978
14;106102-224;224;P;Lokal wyborczy Bałuty Nr. 224;ul. Romanowska 1-224 91-174 Łódź-Bałuty;1606
14;106102-225;225;P;Lokal wyborczy Bałuty Nr. 225;ul. Romanowska 1-225 91-174 Łódź-Bałuty;868
14;106102-226;226;P;Lokal wyborczy Bałuty Nr. 226;ul. Romanowska 1-226 91-174 Łódź-Bałuty;498
14;106102-227;227;P;Lokal wyborczy Bałuty Nr. 227;ul. Romanowska 1-227 91-174 Łódź-Bałuty;1285
14;106102-228;228;P;Lokal wyborczy Bałuty Nr. 228;ul. Romanowska 1-228 91-174 Łódź-Bałuty;2140
14;106102-229;229;P;Lokal wyborczy Bałuty Nr. 229;ul. Romanowska 1-229 91-174 Łódź-Bałuty;1184
14;106102-230;230;P;Lokal wyborczy Bałuty Nr. 230;ul. Romanowska 1-230 91-174 Łódź-Bałuty;1190
14;106102-231;231;P;Lokal wyborczy Bałuty Nr. 231;ul. Romanowska 1-231 91-174 Łódź-Bałuty;1597
14;106102-232;232;P;Lokal wyborczy Bałuty Nr. 232;ul. Romanowska 1-232 91-174 Łódź-Bałuty;2809
14;106102-233;233;P;Lokal wyborczy Bałuty Nr. 233;ul. Romanowska 1-233 91-174 Łódź-Bałuty;2599
14;106102-234;234;P;Lokal wyborczy Bałuty Nr. 234;ul. Romanowska 1-234 91-174 Łódź-Bałuty;686
14;106102-235;235;P;Lokal wyborczy Bałuty Nr. 235;ul. Romanowska 1-235 91-174 Łódź-Bałuty;979
14;106102-236;236;P;Lokal wyborczy Bałuty Nr. 236;ul. Romanowska 1-236 91-174 Łódź-Bałuty;60
14;106102-237;237;P;Lokal wyborczy Bałuty Nr. 237;ul. Romanowska 1-237 91-174 Łódź-Bałuty;1547
14;106102-238;238;P;Lokal wyborczy Bałuty Nr. 238;ul. Romanowska 1-238 91-174 Łódź-Bałuty;2424
14;106102-239;239;P;Lokal wyborczy Bałuty Nr. 239;ul. Romanowska 1-239 91-174 Łódź-Bałuty;2498
14;106102-240;240;P;Lokal wyborczy Bałuty Nr. 240;ul. Romanowska 1-240 91-174 Łódź-Bałuty;2429
14;106102-241;241;P;Lokal wyborczy Bałuty Nr. 241;ul. Romanowska 1-241 91-174 Łódź-Bałuty;1424
14;106102-242;242;P;Lokal wyborczy Bałuty Nr. 242;ul. Romanowska 1-242 91-174 Łódź-Bałuty;621
14;106102-243;243;P;Lokal wyborczy Bałuty Nr. 243;ul. Romanowska 1-243 91-174 Łódź-Bałuty;2283
14;106102-244;244;P;Lokal wyborczy Bałuty Nr. 244;ul. Romanowska 1-244 91-174 Łódź-Bałuty;171
14;106102-245;245;P;Lokal wyborczy Bałuty Nr. 245;ul. Romanowska 1-245 91-174 Łódź-Bałuty;118
14;106102-246;246;P;Lokal wyborczy Bałuty Nr. 246;ul. Romanowska 1-246 91-174 Łódź-Bałuty;603
14;106102-247;247;P;Lokal wyborczy Bałuty Nr. 247;ul. Romanowska 1-247 91-174 Łódź-Bałuty;2239
14;106102-248;248;P;Lokal wyborczy Bałuty Nr. 248;ul. Romanowska 1-248 91-174 Łódź-Bałuty;2975
14;106102-249;249;P;Lokal wyborczy Bałuty Nr. 249;ul. Romanowska 1-249 91-174 Łódź-Bałuty;2278
14;106102-250;250;P;Lokal wyborczy Bałuty Nr. 250;ul. Romanowska 1-250 91-174 Łódź-Bałuty;2982
14;106102-251;251;P;Lokal wyborczy Bałuty Nr. 251;ul. Romanowska 1-251 91-174 Łódź-Bałuty;2757
14;106102-252;252;P;Lokal wyborczy Bałuty Nr. 252;ul. Romanowska 1-252 91-174 Łódź-Bałuty;2387
14;106102-253;253;P;Lokal wyborczy Bałuty Nr. 253;ul. Romanowska 1-253 91-174 Łódź-Bałuty;1130
14;106102-254;254;P;Lokal wyborczy Bałuty Nr. 254;ul. Romanowska 1-254 91-174 Łódź-Bałuty;854
14;106102-255;255;P;Lokal wyborczy Bałuty Nr. 255;ul. Romanowska 1-255 91-174 Łódź-Bałuty;371
14;106102-256;256;P;Lokal wyborczy Bałuty Nr. 256;ul. Romanowska 1-256 91-174 Łódź-Bałuty;2015
14;106102-257;257;P;Lokal wyborczy Bałuty Nr. 257;ul. Romanowska 1-257 91-174 Łódź-Bałuty;2929
14;106102-258;258;P;Lokal wyborczy Bałuty Nr. 258;ul. Romanowska 1-258 91-174 Łódź-Bałuty;30
14;106102-259;259;P;Lokal wyborczy Bałuty Nr. 259;ul. Romanowska 1-259 91-174 Łódź-Bałuty;1511
14;106102-260;260;P;Lokal wyborczy Bałuty Nr. 260;ul. Romanowska 1-260 91-174 Łódź-Bałuty;2174
14;106102-261;261;P;Lokal wyborczy Bałuty Nr. 261;ul. Romanowska 1-261 91-174 Łódź-Bałuty;1443
14;106102-262;262;P;Lokal wyborczy Bałuty Nr. 262;ul. Romanowska 1-262 91-174 Łódź-Bałuty;2531
14;106102-263;263;P;Lokal wyborczy Bałuty Nr. 263;ul. Romanowska 1-263 91-174 Łódź-Bałuty;2516
14;106102-264;264;P;Lokal wyborczy Bałuty Nr. 264;ul. Romanowska 1-264 91-174 Łódź-Bałuty;1410
14;106102-265;265;P;Lokal wyborczy Bałuty Nr. 265;ul. Romanowska 1-265 91-174 Łódź-Bałuty;70
14;106102-266;266;P;Lokal wyborczy Bałuty Nr. 266;ul. Romanowska 1-266 91-174 Łódź-Bałuty;2414
14;106102-267;267;P;Lokal wyborczy Bałuty Nr. 267;ul. Romanowska 1-267 91-174 Łódź-Bałuty;509
14;106102-268;268;P;Lokal wyborczy Bałuty Nr. 268;ul. Romanowska 1-268 91-174 Łódź-Bałuty;1834
14;106102-269;269;P;Lokal wyborczy Bałuty Nr. 269;ul. Romanowska 1-269 91-174 Łódź-Bałuty;1756
14;106102-270;270;P;Lokal wyborczy Bałuty Nr. 270;ul. Romanowska 1-270 91-174 Łódź-Bałuty;2931
14;106102-271;271;P;Lokal wyborczy Bałuty Nr. 271;ul. Romanowska 1-271 91-174 Łódź-Bałuty;916
14;106102-272;272;P;Lokal wyborczy Bałuty Nr. 272;ul. Romanowska 1-272 91-174 Łódź-Bałuty;2633
14;106102-273;273;P;Lokal wyborczy Bałuty Nr. 273;ul. Romanowska 1-273 91-174 Łódź-Bałuty;2558
14;106102-274;274;P;Lokal wyborczy Bałuty Nr. 274;ul. Romanowska 1-274 91-174 Łódź-Bałuty;2844
14;106102-275;275;P;Lokal wyborczy Bałuty Nr. 275;ul. Romanowska 1-275 91-174 Łódź-Bałuty;1255
14;106102-276;276;P;Lokal wyborczy Bałuty Nr. 276;ul. Romanowska 1-276 91-174 Łódź-Bałuty;646
14;106102-277;277;P;Lokal wyborczy Bałuty Nr. 277;ul. Romanowska 1-277 91-174 Łódź-Bałuty;2
14;106102-278;278;P;Lokal wyborczy Bałuty Nr. 278;ul. Romanowska 1-278 91-174 Łódź-Bałuty;2147
14;106102-279;279;P;Lokal wyborczy Bałuty Nr. 279;ul. Romanowska 1-279 91-174 Łódź-Bałuty;2013
14;106102-280;280;P;Lokal wyborczy Bałuty Nr. 280;ul. Romanowska 1-280 91-174 Łódź-Bałuty;2290
14;106102-281;281;P;Lokal wyborczy Bałuty Nr. 281;ul. Romanowska 1-281 91-174 Łódź-Bałuty;1357
14;106102-282;282;P;Lokal wyborczy Bałuty Nr. 282;ul. Romanowska 1-282 91-174 Łódź-Bałuty;243
14;106102-283;283;P;Lokal wyborczy Bałuty Nr. 283;ul. Romanowska 1-283 91-174 Łódź-Bałuty;467
14;106102-284;284;P;Lokal wyborczy Bałuty Nr. 284;ul. Romanowska 1-284 91-174 Łódź-Bałuty;748
14;106102-285;285;P;Lokal wyborczy Bałuty Nr. 285;ul. Romanowska 1-285 91-174 Łódź-Bałuty;188
14;106102-286;286;P;Lokal wyborczy Bałuty Nr. 286;ul. Romanowska 1-286 91-174 Łódź-Bałuty;955
14;106102-287;287;P;Lokal wyborczy Bałuty Nr. 287;ul. Romanowska 1-287 91-174 Łódź-Bałuty;59
14;106102-288;288;P;Lokal wyborczy Bałuty Nr. 288;ul. Romanowska 1-288 91-174 Łódź-Bałuty;2082
14;106102-289;289;P;Lokal wyborczy Bałuty Nr. 289;ul. Romanowska 1-289 91-174 Łódź-Bałuty;1201
14;106102-290;290;P;Lokal wyborczy Bałuty Nr. 290;ul. Romanowska 1-290 91-174 Łódź-Bałuty;2353
14;106102-291;291;P;Lokal wyborczy Bałuty Nr. 291;ul. Romanowska 1-291 91-174 Łódź-Bałuty;1964
14;106102-292;292;P;Lokal wyborczy Bałuty Nr. 292;ul. Romanowska 1-292 91-174 Łódź-Bałuty;2143
14;106102-293;293;P;Lokal wyborczy Bałuty Nr. 293;ul. Romanowska 1-293 91-174 Łódź-Bałuty;1525
14;106102-294;294;P;Lokal wyborczy Bałuty Nr. 294;ul. Romanowska 1-294 91-174 Łódź-Bałuty;2513
14;106102-295;295;P;Lokal wyborczy Bałuty Nr. 295;ul. Romanowska 1-295 91-174 Łódź-Bałuty;780
14;106102-296;296;P;Lokal wyborczy Bałuty Nr. 296;ul. Romanowska 1-296 91-174 Łódź-Bałuty;228
14;106102-297;297;P;Lokal wyborczy Bałuty Nr. 297;ul. Romanowska 1-297 91-174 Łódź-Bałuty;273
14;106102-298;298;P;Lokal wyborczy Bałuty Nr. 298;ul. Romanowska 1-298 91-174 Łódź-Bałuty;1048
14;106102-299;299;P;Lokal wyborczy Bałuty Nr. 299;ul. Romanowska 1-299 91-174 Łódź-Bałuty;2520
14;106102-300;300;P;Lokal wyborczy Bałuty Nr. 300;ul. Romanowska 1-300 91-174 Łódź-Bałuty;260
14;106102-301;301;P;Lokal wyborczy Bałuty Nr. 301;ul. Romanowska 1-301 91-174 Łódź-Bałuty;440
14;106102-302;302;P;Lokal wyborczy Bałuty Nr. 302;ul. Romanowska 1-302 91-174 Łódź-Bałuty;429
14;106102-303;303;P;Lokal wyborczy Bałuty Nr. 303;ul. Romanowska 1-303 91-174 Łódź-Bałuty;600
14;106102-304;304;P;Lokal wyborczy Bałuty Nr. 304;ul. Romanowska 1-304 91-174 Łódź-Bałuty;2147
14;106102-305;305;P;Lokal wyborczy Bałuty Nr. 305;ul. Romanowska 1-305 91-174 Łódź-Bałuty;770
14;106102-306;306;P;Lokal wyborczy Bałuty Nr. 306;ul. Romanowska 1-306 91-174 Łódź-Bałuty;544
14;106102-307;307;P;Lokal wyborczy Bałuty Nr. 307;ul. Romanowska 1-307 91-174 Łódź-Bałuty;669
14;106102-308;308;P;Lokal wyborczy Bałuty Nr. 308;ul. Romanowska 1-308 91-174 Łódź-Bałuty;2845
14;106102-309;309;P;Lokal wyborczy Bałuty Nr. 309;ul. Romanowska 1-309 91-174 Łódź-Bałuty;1249
14;106102-310;310;P;Lokal wyborczy Bałuty Nr. 310;ul. Romanowska 1-310 91-174 Łódź-Bałuty;2821
14;106102-311;311;P;Lokal wyborczy Bałuty Nr. 311;ul. Romanowska 1-311 91-174 Łódź-Bałuty;2005
14;106102-312;312;P;Lokal wyborczy Bałuty Nr. 312;ul. Romanowska 1-312 91-174 Łódź-Bałuty;183
14;106102-313;313;P;Lokal wyborczy Bałuty Nr. 313;ul. Romanowska 1-313 91-174 Łódź-Bałuty;2362
14;106102-314;314;P;Lokal wyborczy Bałuty Nr. 314;ul. Romanowska 1-314 91-174 Łódź-Bałuty;2855
14;106102-315;315;P;Lokal wyborczy Bałuty Nr. 315;ul. Romanowska 1-315 91-174 Łódź-Bałuty;2378
14;106102-316;316;P;Lokal wyborczy Bałuty Nr. 316;ul. Romanowska 1-316 91-174 Łódź-Bałuty;2395
14;106102-317;317;P;Lokal wyborczy Bałuty Nr. 317;ul. Romanowska 1-317 91-174 Łódź-Bałuty;1316
14;106102-318;318;P;Lokal wyborczy Bałuty Nr. 318;ul. Romanowska 1-318 91-174 Łódź-Bałuty;148
14;106102-319;319;P;Lokal wyborczy Bałuty Nr. 319;ul. Romanowska 1-319 91-174 Łódź-Bałuty;2165
14;106102-320;320;P;Lokal wyborczy Bałuty Nr. 320;ul. Romanowska 1-320 91-174 Łódź-Bałuty;1638
14;106102-321;321;P;Lokal wyborczy Bałuty Nr. 321;ul. Romanowska 1-321 91-174 Łódź-Bałuty;18
14;106102-322;322;P;Lokal wyborczy Bałuty Nr. 322;ul. Romanowska 1-322 91-174 Łódź-Bałuty;1932
14;106102-323;323;P;Lokal wyborczy Bałuty Nr. 323;ul. Romanowska 1-323 91-174 Łódź-Bałuty;1899
14;106102-324;324;P;Lokal wyborczy Bałuty Nr. 324;ul. Romanowska 1-324 91-174 Łódź-Bałuty;989
14;106102-325;325;P;Lokal wyborczy Bałuty Nr. 325;ul. Romanowska 1-325 91-174 Łódź-Bałuty;135
14;106102-326;326;P;Lokal wyborczy Bałuty Nr. 326;ul. Romanowska 1-326 91-174 Łódź-Bałuty;2947
14;106102-327;327;P;Lokal wyborczy Bałuty Nr. 327;ul. Romanowska 1-327 91-174 Łódź-Bałuty;329
14;106102-328;328;P;Lokal wyborczy Bałuty Nr. 328;ul. Romanowska 1-328 91-174 Łódź-Bałuty;1411
14;106102-329;329;P;Lokal wyborczy Bałuty Nr. 329;ul. Romanowska 1-329 91-174 Łódź-Bałuty;1910
14;106102-330;330;P;Lokal wyborczy Bałuty Nr. 330;ul. Romanowska 1-330 91-174 Łódź-Bałuty;2082
14;106102-331;331;P;Lokal wyborczy Bałuty Nr. 331;ul. Romanowska 1-331 91-174 Łódź-Bałuty;1737
14;106102-332;332;P;Lokal wyborczy Bałuty Nr. 332;ul. Romanowska 1-332 91-174 Łódź-Bałuty;2973
14;106102-333;333;P;Lokal wyborczy Bałuty Nr. 333;ul. Romanowska 1-333 91-174 Łódź-Bałuty;2493
14;106102-334;334;P;Lokal wyborczy Bałuty Nr. 334;ul. Romanowska 1-334 91-174 Łódź-Bałuty;1551
14;106102-335;335;P;Lokal wyborczy Bałuty Nr. 335;ul. Romanowska 1-335 91-174 Łódź-Bałuty;2237
14;106102-336;336;P;Lokal wyborczy Bałuty Nr. 336;ul. Romanowska 1-336 91-174 Łódź-Bałuty;1505
14;106102-337;337;P;Lokal wyborczy Bałuty Nr. 337;ul. Romanowska 1-337 91-174 Łódź-Bałuty;646
14;106102-338;338;P;Lokal wyborczy Bałuty Nr. 338;ul. Romanowska 1-338 91-174 Łódź-Bałuty;2796
14;106102-339;339;P;Lokal wyborczy Bałuty Nr. 339;ul. Romanowska 1-339 91-174 Łódź-Bałuty;89
14;106102-340;340;P;Lokal wyborczy Bałuty Nr. 340;ul. Romanowska 1-340 91-174 Łódź-Bałuty;579
14;106102-341;341;P;Lokal wyborczy Bałuty Nr. 341;ul. Romanowska 1-341 91-174 Łódź-Bałuty;2920
14;106102-342;342;P;Lokal wyborczy Bałuty Nr. 342;ul. Romanowska 1-342 91-174 Łódź-Bałuty;397
14;106102-343;343;P;Lokal wyborczy Bałuty Nr. 343;ul. Romanowska 1-343 91-174 Łódź-Bałuty;427
14;106102-344;344;P;Lokal wyborczy Bałuty Nr. 344;ul. Romanowska 1-344 91-174 Łódź-Bałuty;56
14;106102-345;345;P;Lokal wyborczy Bałuty Nr. 345;ul. Romanowska 1-345 91-174 Łódź-Bałuty;1490
14;106102-346;346;P;Lokal wyborczy Bałuty Nr. 346;ul. Romanowska 1-346 91-174 Łódź-Bałuty;848
14;106102-347;347;P;Lokal wyborczy Bałuty Nr. 347;ul. Romanowska 1-347 91-174 Łódź-Bałuty;2954
14;106102-348;348;P;Lokal wyborczy Bałuty Nr. 348;ul. Romanowska 1-348 91-174 Łódź-Bałuty;431
14;106102-349;349;P;Lokal wyborczy Bałuty Nr. 349;ul. Romanowska 1-349 91-174 Łódź-Bałuty;555
14;106102-350;350;P;Lokal wyborczy Bałuty Nr. 350;ul. Romanowska 1-350 91-174 Łódź-Bałuty;1543
14;106102-351;351;P;Lokal wyborczy Bałuty Nr. 351;ul. Romanowska 1-351 91-174 Łódź-Bałuty;1891
14;106102-352;352;P;Lokal wyborczy Bałuty Nr. 352;ul. Romanowska 1-352 91-174 Łódź-Bałuty;2753
14;106102-353;353;P;Lokal wyborczy Bałuty Nr. 353;ul. Romanowska 1-353 91-174 Łódź-Bałuty;2905
14;106102-354;354;P;Lokal wyborczy Bałuty Nr. 354;ul. Romanowska 1-354 91-174 Łódź-Bałuty;1214
14;106102-355;355;P;Lokal wyborczy Bałuty Nr. 355;ul. Romanowska 1-355 91-174 Łódź-Bałuty;2412
14;106102-356;356;P;Lokal wyborczy Bałuty Nr. 356;ul. Romanowska 1-356 91-174 Łódź-Bałuty;725
14;106102-357;357;P;Lokal wyborczy Bałuty Nr. 357;ul. Romanowska 1-357 91-174 Łódź-Bałuty;909
14;106102-358;358;P;Lokal wyborczy Bałuty Nr. 358;ul. Romanowska 1-358 91-174 Łódź-Bałuty;2805
14;106102-359;359;P;Lokal wyborczy Bałuty Nr. 359;ul. Romanowska 1-359 91-174 Łódź-Bałuty;1973
14;106102-360;360;P;Lokal wyborczy Bałuty Nr. 360;ul. Romanowska 1-360 91-174 Łódź-Bałuty;64
14;106102-361;361;P;Lokal wyborczy Bałuty Nr. 361;ul. Romanowska 1-361 91-174 Łódź-Bałuty;2422
14;106102-362;362;P;Lokal wyborczy Bałuty Nr. 362;ul. Romanowska 1-362 91-174 Łódź-Bałuty;600
14;106102-363;363;P;Lokal wyborczy Bałuty Nr. 363;ul. Romanowska 1-363 91-174 Łódź-Bałuty;2080
14;106102-364;364;P;Lokal wyborczy Bałuty Nr. 364;ul. Romanowska 1-364 91-174 Łódź-Bałuty;1534
14;106102-365;365;P;Lokal wyborczy Bałuty Nr. 365;ul. Romanowska 1-365 91-174 Łódź-Bałuty;1605
14;106102-366;366;P;Lokal wyborczy Bałuty Nr. 366;ul. Romanowska 1-366 91-174 Łódź-Bałuty;1564
14;106102-367;367;P;Lokal wyborczy Bałuty Nr. 367;ul. Romanowska 1-367 91-174 Łódź-Bałuty;640
14;106102-368;368;P;Lokal wyborczy Bałuty Nr. 368;ul. Romanowska 1-368 91-174 Łódź-Bałuty;2973
14;106102-369;369;P;Lokal wyborczy Bałuty Nr. 369;ul. Romanowska 1-369 91-174 Łódź-Bałuty;1741
14;106102-370;370;P;Lokal wyborczy Bałuty Nr. 370;ul. Romanowska 1-370 91-174 Łódź-Bałuty;1204
14;106102-371;371;P;Lokal wyborczy Bałuty Nr. 371;ul. Romanowska 1-371 91-174 Łódź-Bałuty;188
14;106102-372;372;P;Lokal wyborczy Bałuty Nr. 372;ul. Romanowska 1-372 91-174 Łódź-Bałuty;251
14;106102-373;373;P;Lokal wyborczy Bałuty Nr. 373;ul. Romanowska 1-373 91-174 Łódź-Bałuty;981
14;106102-374;374;P;Lokal wyborczy Bałuty Nr. 374;ul. Romanowska 1-374 91-174 Łódź-Bałuty;248
14;106102-375;375;P;Lokal wyborczy Bałuty Nr. 375;ul. Romanowska 1-375 91-174 Łódź-Bałuty;1669
14;106102-376;376;P;Lokal wyborczy Bałuty Nr. 376;ul. Romanowska 1-376 91-174 Łódź-Bałuty;310
14;106102-377;377;P;Lokal wyborczy Bałuty Nr. 377;ul. Romanowska 1-377 91-174 Łódź-Bałuty;298
14;106102-378;378;P;Lokal wyborczy Bałuty Nr. 378;ul. Romanowska 1-378 91-174 Łódź-Bałuty;633
14;106102-379;379;P;Lokal wyborczy Bałuty Nr. 379;ul. Romanowska 1-379 91-174 Łódź-Bałuty;1721
14;106102-380;380;P;Lokal wyborczy Bałuty Nr. 380;ul. Romanowska 1-380 91-174 Łódź-Bałuty;1216
14;106102-381;381;P;Lokal wyborczy Bałuty Nr. 381;ul. Romanowska 1-381 91-174 Łódź-Bałuty;1307
14;106102-382;382;P;Lokal wyborczy Bałuty Nr. 382;ul. Romanowska 1-382 91-174 Łódź-Bałuty;2543
14;106102-383;383;P;Lokal wyborczy Bałuty Nr. 383;ul. Romanowska 1-383 91-174 Łódź-Bałuty;151
14;106102-384;384;P;Lokal wyborczy Bałuty Nr. 384;ul. Romanowska 1-384 91-174 Łódź-Bałuty;1395
14;106102-385;385;P;Lokal wyborczy Bałuty Nr. 385;ul. Romanowska 1-385 91-174 Łódź-Bałuty;2292
14;106102-386;386;P;Lokal wyborczy Bałuty Nr. 386;ul. Romanowska 1-386 91-174 Łódź-Bałuty;1091
14;106102-387;387;P;Lokal wyborczy Bałuty Nr. 387;ul. Romanowska 1-387 91-174 Łódź-Bałuty;1396
14;106102-388;388;P;Lokal wyborczy Bałuty Nr. 388;ul. Romanowska 1-388 91-174 Łódź-Bałuty;2867
14;106102-389;389;P;Lokal wyborczy Bałuty Nr. 389;ul. Romanowska 1-389 91-174 Łódź-Bałuty;2867
14;106102-390;390;P;Lokal wyborczy Bałuty Nr. 390;ul. Romanowska 1-390 91-174 Łódź-Bałuty;360
14;106102-391;391;P;Lokal wyborczy Bałuty Nr. 391;ul. Romanowska 1-391 91-174 Łódź-Bałuty;1753
14;106102-392;392;P;Lokal wyborczy Bałuty Nr. 392;ul. Romanowska 1-392 91-174 Łódź-Bałuty;942
14;106102-393;393;P;Lokal wyborczy Bałuty Nr. 393;ul. Romanowska 1-393 91-174 Łódź-Bałuty;2192
14;106102-394;394;P;Lokal wyborczy Bałuty Nr. 394;ul. Romanowska 1-394 91-174 Łódź-Bałuty;638
14;106102-395;395;P;Lokal wyborczy Bałuty Nr. 395;ul. Romanowska 1-395 91-174 Łódź-Bałuty;1013
14;106102-396;396;P;Lokal wyborczy Bałuty Nr. 396;ul. Romanowska 1-396 91-174 Łódź-Bałuty;718
14;106102-397;397;P;Lokal wyborczy Bałuty Nr. 397;ul. Romanowska 1-397 91-174 Łódź-Bałuty;1604
14;106102-398;398;P;Lokal wyborczy Bałuty Nr. 398;ul. Romanowska 1-398 91-174 Łódź-Bałuty;2599
14;106102-399;399;P;Lokal wyborczy Bałuty Nr. 399;ul. Romanowska 1-399 91-174 Łódź-Bałuty;2846
14;106102-400;400;P;Lokal wyborczy Bałuty Nr. 400;ul. Romanowska 1-400 91-174 Łódź-Bałuty;1349
14;106102-401;401;P;Lokal wyborczy Bałuty Nr. 401;ul. Romanowska 1-401 91-174 Łódź-Bałuty;137
14;106102-402;402;P;Lokal wyborczy Bałuty Nr. 402;ul. Romanowska 1-402 91-174 Łódź-Bałuty;1662
14;106102-403;403;P;Lokal wyborczy Bałuty Nr. 403;ul. Romanowska 1-403 91-174 Łódź-Bałuty;2306
14;106102-404;404;P;Lokal wyborczy Bałuty Nr. 404;ul. Romanowska 1-404 91-174 Łódź-Bałuty;698
14;106102-405;405;P;Lokal wyborczy Bałuty Nr. 405;ul. Romanowska 1-405 91-174 Łódź-Bałuty;1261
14;106102-406;406;P;Lokal wyborczy Bałuty Nr. 406;ul. Romanowska 1-406 91-174 Łódź-Bałuty;2466
14;106102-407;407;P;Lokal wyborczy Bałuty Nr. 407;ul. Romanowska 1-407 91-174 Łódź-Bałuty;570
14;106102-408;408;P;Lokal wyborczy Bałuty Nr. 408;ul. Romanowska 1-408 91-174 Łódź-Bałuty;2593
14;106102-409;409;P;Lokal wyborczy Bałuty Nr. 409;ul. Romanowska 1-409 91-174 Łódź-Bałuty;1072
14;106102-410;410;P;Lokal wyborczy Bałuty Nr. 410;ul. Romanowska 1-410 91-174 Łódź-Bałuty;746
14;106102-411;411;P;Lokal wyborczy Bałuty Nr. 411;ul. Romanowska 1-411 91-174 Łódź-Bałuty;118
14;106102-412;412;P;Lokal wyborczy Bałuty Nr. 412;ul. Romanowska 1-412 91-174 Łódź-Bałuty;2746
14;106102-413;413;P;Lokal wyborczy Bałuty Nr. 413;ul. Romanowska 1-413 91-174 Łódź-Bałuty;2090
14;106102-414;414;P;Lokal wyborczy Bałuty Nr. 414;ul. Romanowska 1-414 91-174 Łódź-Bałuty;1473
14;106102-415;415;P;Lokal wyborczy Bałuty Nr. 415;ul. Romanowska 1-415 91-174 Łódź-Bałuty;2010
14;106102-416;416;P;Lokal wyborczy Bałuty Nr. 416;ul. Romanowska 1-416 91-174 Łódź-Bałuty;2473
14;106102-417;417;P;Lokal wyborczy Bałuty Nr. 417;ul. Romanowska 1-417 91-174 Łódź-Bałuty;1684
14;106102-418;418;P;Lokal wyborczy Bałuty Nr. 418;ul. Romanowska 1-418 91-174 Łódź-Bałuty;2662
14;106102-419;419;P;Lokal wyborczy Bałuty Nr. 419;ul. Romanowska 1-419 91-174 Łódź-Bałuty;987
14;106102-420;420;P;Lokal wyborczy Bałuty Nr. 420;ul. Romanowska 1-420 91-174 Łódź-Bałuty;2754
14;106102-421;421;P;Lokal wyborczy Bałuty Nr. 421;ul. Romanowska 1-421 91-174 Łódź-Bałuty;2655
14;106102-422;422;P;Lokal wyborczy Bałuty Nr. 422;ul. Romanowska 1-422 91-174 Łódź-Bałuty;1102
14;106102-423;423;P;Lokal wyborczy Bałuty Nr. 423;ul. Romanowska 1-423 91-174 Łódź-Bałuty;499
14;106102-424;424;P;Lokal wyborczy Bałuty Nr. 424;ul. Romanowska 1-424 91-174 Łódź-Bałuty;2666
14;106102-425;425;P;Lokal wyborczy Bałuty Nr. 425;ul. Romanowska 1-425 91-174 Łódź-Bałuty;106
14;106102-426;426;P;Lokal wyborczy Bałuty Nr. 426;ul. Romanowska 1-426 91-174 Łódź-Bałuty;2559
14;106102-427;427;P;Lokal wyborczy Bałuty Nr. 427;ul. Romanowska 1-427 91-174 Łódź-Bałuty;1361
14;106102-428;428;P;Lokal wyborczy Bałuty Nr. 428;ul. Romanowska 1-428 91-174 Łódź-Bałuty;1893
14;106102-429;429;P;Lokal wyborczy Bałuty Nr. 429;ul. Romanowska 1-429 91-174 Łódź-Bałuty;826
14;106102-430;430;P;Lokal wyborczy Bałuty Nr. 430;ul. Romanowska 1-430 91-174 Łódź-Bałuty;2507
14;106102-431;431;P;Lokal wyborczy Bałuty Nr. 431;ul. Romanowska 1-431 91-174 Łódź-Bałuty;133
14;106102-432;432;P;Lokal wyborczy Bałuty Nr. 432;ul. Romanowska 1-432 91-174 Łódź-Bałuty;1375
14;106102-433;433;P;Lokal wyborczy Bałuty Nr. 433;ul. Romanowska 1-433 91-174 Łódź-Bałuty;2191
14;106102-434;434;P;Lokal wyborczy Bałuty Nr. 434;ul. Romanowska 1-434 91-174 Łódź-Bałuty;1898
14;106102-435;435;P;Lokal wyborczy Bałuty Nr. 435;ul. Romanowska 1-435 91-174 Łódź-Bałuty;556
14;106102-436;436;P;Lokal wyborczy Bałuty Nr. 436;ul. Romanowska 1-436 91-174 Łódź-Bałuty;934
14;106102-437;437;P;Lokal wyborczy Bałuty Nr. 437;ul. Romanowska 1-437 91-174 Łódź-Bałuty;1214
14;106102-438;438;P;Lokal wyborczy Bałuty Nr. 438;ul. Romanowska 1-438 91-174 Łódź-Bałuty;625
14;106102-439;439;P;Lokal wyborczy Bałuty Nr. 439;ul. Romanowska 1-439 91-174 Łódź-Bałuty;2361
14;106102-440;440;P;Lokal wyborczy Bałuty Nr. 440;ul. Romanowska 1-440 91-174 Łódź-Bałuty;2536
14;106102-441;441;P;Lokal wyborczy Bałuty Nr. 441;ul. Romanowska 1-441 91-174 Łódź-Bałuty;1013
14;106102-442;442;P;Lokal wyborczy Bałuty Nr. 442;ul. Romanowska 1-442 91-174 Łódź-Bałuty;1803
14;106102-443;443;P;Lokal wyborczy Bałuty Nr. 443;ul. Romanowska 1-443 91-174 Łódź-Bałuty;473
14;106102-444;444;P;Lokal wyborczy Bałuty Nr. 444;ul. Romanowska 1-444 91-174 Łódź-Bałuty;1243
14;106102-445;445;P;Lokal wyborczy Bałuty Nr. 445;ul. Romanowska 1-445 91-174 Łódź-Bałuty;977
14;106102-446;446;P;Lokal wyborczy Bałuty Nr. 446;ul. Romanowska 1-446 91-174 Łódź-Bałuty;881
14;106102-447;447;P;Lokal wyborczy Bałuty Nr. 447;ul. Romanowska 1-447 91-174 Łódź-Bałuty;2415
14;106102-448;448;P;Lokal wyborczy Bałuty Nr. 448;ul. Romanowska 1-448 91-174 Łódź-Bałuty;148
14;106102-449;449;P;Lokal wyborczy Bałuty Nr. 449;ul. Romanowska 1-449 91-174 Łódź-Bałuty;2801
14;106102-450;450;P;Lokal wyborczy Bałuty Nr. 450;ul. Romanowska 1-450 91-174 Łódź-Bałuty;1682
14;106102-451;451;P;Lokal wyborczy Bałuty Nr. 451;ul. Romanowska 1-451 91-174 Łódź-Bałuty;1033
14;106102-452;452;P;Lokal wyborczy Bałuty Nr. 452;ul. Romanowska 1-452 91-174 Łódź-Bałuty;2588
14;106102-453;453;P;Lokal wyborczy Bałuty Nr. 453;ul. Romanowska 1-453 91-174 Łódź-Bałuty;513
14;106102-454;454;P;Lokal wyborczy Bałuty Nr. 454;ul. Romanowska 1-454 91-174 Łódź-Bałuty;231
14;106102-455;455;P;Lokal wyborczy Bałuty Nr. 455;ul. Romanowska 1-455 91-174 Łódź-Bałuty;362
14;106102-456;456;P;Lokal wyborczy Bałuty Nr. 456;ul. Romanowska 1-456 91-174 Łódź-Bałuty;217
14;106102-457;457;P;Lokal wyborczy Bałuty Nr. 457;ul. Romanowska 1-457 91-174 Łódź-Bałuty;44
14;106102-458;458;P;Lokal wyborczy Bałuty Nr. 458;ul. Romanowska 1-458 91-174 Łódź-Bałuty;2018
14;106102-459;459;P;Lokal wyborczy Bałuty Nr. 459;ul. Romanowska 1-459 91-174 Łódź-Bałuty;1726
14;106102-460;460;P;Lokal wyborczy Bałuty Nr. 460;ul. Romanowska 1-460 91-174 Łódź-Bałuty;1161
14;106102-461;461;P;Lokal wyborczy Bałuty Nr. 461;ul. Romanowska 1-461 91-174 Łódź-Bałuty;967
14;106102-462;462;P;Lokal wyborczy Bałuty Nr. 462;ul. Romanowska 1-462 91-174 Łódź-Bałuty;2592
14;106102-463;463;P;Lokal wyborczy Bałuty Nr. 463;ul. Romanowska 1-463 91-174 Łódź-Bałuty;2574
14;106102-464;464;P;Lokal wyborczy Bałuty Nr. 464;ul. Romanowska 1-464 91-174 Łódź-Bałuty;1737
14;106102-465;465;P;Lokal wyborczy Bałuty Nr. 465;ul. Romanowska 1-465 91-174 Łódź-Bałuty;2809
14;106102-466;466;P;Lokal wyborczy Bałuty Nr. 466;ul. Romanowska 1-466 91-174 Łódź-Bałuty;98
14;106102-467;467;P;Lokal wyborczy Bałuty Nr. 467;ul. Romanowska 1-467 91-174 Łódź-Bałuty;2112
14;106102-468;468;P;Lokal wyborczy Bałuty Nr. 468;ul. Romanowska 1-468 91-174 Łódź-Bałuty;485
14;106102-469;469;P;Lokal wyborczy Bałuty Nr. 469;ul. Romanowska 1-469 91-174 Łódź-Bałuty;1326
14;106102-470;470;P;Lokal wyborczy Bałuty Nr. 470;ul. Romanowska 1-470 91-174 Łódź-Bałuty;708
14;106102-471;471;P;Lokal wyborczy Bałuty Nr. 471;ul. Romanowska 1-471 91-174 Łódź-Bałuty;114
14;106102-472;472;P;Lokal wyborczy Bałuty Nr. 472;ul. Romanowska 1-472 91-174 Łódź-Bałuty;585
14;106102-473;473;P;Lokal wyborczy Bałuty Nr. 473;ul. Romanowska 1-473 91-174 Łódź-Bałuty;2685
14;106102-474;474;P;Lokal wyborczy Bałuty Nr. 474;ul. Romanowska 1-474 91-174 Łódź-Bałuty;2482
14;106102-475;475;P;Lokal wyborczy Bałuty Nr. 475;ul. Romanowska 1-475 91-174 Łódź-Bałuty;693
14;106102-476;476;P;Lokal wyborczy Bałuty Nr. 476;ul. Romanowska 1-476 91-174 Łódź-Bałuty;2538
14;106102-477;477;P;Lokal wyborczy Bałuty Nr. 477;ul. Romanowska 1-477 91-174 Łódź-Bałuty;2425
14;106102-478;478;P;Lokal wyborczy Bałuty Nr. 478;ul. Romanowska 1-478 91-174 Łódź-Bałuty;345
14;106102-479;479;P;Lokal wyborczy Bałuty Nr. 479;ul. Romanowska 1-479 91-174 Łódź-Bałuty;2521
14;106102-480;480;P;Lokal wyborczy Bałuty Nr. 480;ul. Romanowska 1-480 91-174 Łódź-Bałuty;1943
14;106102-481;481;P;Lokal wyborczy Bałuty Nr. 481;ul. Romanowska 1-481 91-174 Łódź-Bałuty;997
14;106102-482;482;P;Lokal wyborczy Bałuty Nr. 482;ul. Romanowska 1-482 91-174 Łódź-Bałuty;1016
14;106102-483;483;P;Lokal wyborczy Bałuty Nr. 483;ul. Romanowska 1-483 91-174 Łódź-Bałuty;2912
14;106102-484;484;P;Lokal wyborczy Bałuty Nr. 484;ul. Romanowska 1-484 91-174 Łódź-Bałuty;1638
14;106102-485;485;P;Lokal wyborczy Bałuty Nr. 485;ul. Romanowska 1-485 91-174 Łódź-Bałuty;2588
14;106102-486;486;P;Lokal wyborczy Bałuty Nr. 486;ul. Romanowska 1-486 91-174 Łódź-Bałuty;2841
14;106102-487;487;P;Lokal wyborczy Bałuty Nr. 487;ul. Romanowska 1-487 91-174 Łódź-Bałuty;1469
14;106102-488;488;P;Lokal wyborczy Bałuty Nr. 488;ul. Romanowska 1-488 91-174 Łódź-Bałuty;249
14;106102-489;489;P;Lokal wyborczy Bałuty Nr. 489;ul. Romanowska 1-489 91-174 Łódź-Bałuty;1444
14;106102-490;490;P;Lokal wyborczy Bałuty Nr. 490;ul. Romanowska 1-490 91-174 Łódź-Bałuty;713
14;106102-491;491;P;Lokal wyborczy Bałuty Nr. 491;ul. Romanowska 1-491 91-174 Łódź-Bałuty;2024
14;106102-492;492;P;Lokal wyborczy Bałuty Nr. 492;ul. Romanowska 1-492 91-174 Łódź-Bałuty;234
14;106102-493;493;P;Lokal wyborczy Bałuty Nr. 493;ul. Romanowska 1-493 91-174 Łódź-Bałuty;2336
14;106102-494;494;P;Lokal wyborczy Bałuty Nr. 494;ul. Romanowska 1-494 91-174 Łódź-Bałuty;1473
14;106102-495;495;P;Lokal wyborczy Bałuty Nr. 495;ul. Romanowska 1-495 91-174 Łódź-Bałuty;769
14;106102-496;496;P;Lokal wyborczy Bałuty Nr. 496;ul. Romanowska 1-496 91-174 Łódź-Bałuty;1779
14;106102-497;497;P;Lokal wyborczy Bałuty Nr. 497;ul. Romanowska 1-497 91-174 Łódź-Bałuty;591
14;106102-498;498;P;Lokal wyborczy Bałuty Nr. 498;ul. Romanowska 1-498 91-174 Łódź-Bałuty;1183
14;106102-499;499;P;Lokal wyborczy Bałuty Nr. 499;ul. Romanowska 1-499 91-174 Łódź-Bałuty;1558
14;106102-500;500;P;Lokal wyborczy Bałuty Nr. 500;ul. Romanowska 1-500 91-174 Łódź-Bałuty;98
14;106102-501;501;P;Lokal wyborczy Bałuty Nr. 501;ul. Romanowska 1-501 91-174 Łódź-Bałuty;954
14;106102-502;502;P;Lokal wyborczy Bałuty Nr. 502;ul. Romanowska 1-502 91-174 Łódź-Bałuty;1284
14;106102-503;503;P;Lokal wyborczy Bałuty Nr. 503;ul. Romanowska 1-503 91-174 Łódź-Bałuty;334
14;106102-504;504;P;Lokal wyborczy Bałuty Nr. 504;ul. Romanowska 1-504 91-174 Łódź-Bałuty;1591
14;106102-505;505;P;Lokal wyborczy Bałuty Nr. 505;ul. Romanowska 1-505 91-174 Łódź-Bałuty;2506
14;106102-506;506;P;Lokal wyborczy Bałuty Nr. 506;ul. Romanowska 1-506 91-174 Łódź-Bałuty;2755
14;106102-507;507;P;Lokal wyborczy Bałuty Nr. 507;ul. Romanowska 1-507 91-174 Łódź-Bałuty;1173
14;106102-508;508;P;Lokal wyborczy Bałuty Nr. 508;ul. Romanowska 1-508 91-174 Łódź-Bałuty;2920
14;106102-509;509;P;Lokal wyborczy Bałuty Nr. 509;ul. Romanowska 1-509 91-174 Łódź-Bałuty;333
14;106102-510;510;P;Lokal wyborczy Bałuty Nr. 510;ul. Romanowska 1-510 91-174 Łódź-Bałuty;1812
14;106102-511;511;P;Lokal wyborczy Bałuty Nr. 511;ul. Romanowska 1-511 91-174 Łódź-Bałuty;977
14;106102-512;512;P;Lokal wyborczy Bałuty Nr. 512;ul. Romanowska 1-512 91-174 Łódź-Bałuty;2328
14;106102-513;513;P;Lokal wyborczy Bałuty Nr. 513;ul. Romanowska 1-513 91-174 Łódź-Bałuty;1860
14;106102-514;514;P;Lokal wyborczy Bałuty Nr. 514;ul. Romanowska 1-514 91-174 Łódź-Bałuty;790
14;106102-515;515;P;Lokal wyborczy Bałuty Nr. 515;ul. Romanowska 1-515 91-174 Łódź-Bałuty;2521
14;106102-516;516;P;Lokal wyborczy Bałuty Nr. 516;ul. Romanowska 1-516 91-174 Łódź-Bałuty;55
14;106102-517;517;P;Lokal wyborczy Bałuty Nr. 517;ul. Romanowska 1-517 91-174 Łódź-Bałuty;2446
14;106102-518;518;P;Lokal wyborczy Bałuty Nr. 518;ul. Romanowska 1-518 91-174 Łódź-Bałuty;2504
14;106102-519;519;P;Lokal wyborczy Bałuty Nr. 519;ul. Romanowska 1-519 91-174 Łódź-Bałuty;1443
14;106102-520;520;P;Lokal wyborczy Bałuty Nr. 520;ul. Romanowska 1-520 91-174 Łódź-Bałuty;2302
14;106102-521;521;P;Lokal wyborczy Bałuty Nr. 521;ul. Romanowska 1-521 91-174 Łódź-Bałuty;544
14;106102-522;522;P;Lokal wyborczy Bałuty Nr. 522;ul. Romanowska 1-522 91-174 Łódź-Bałuty;488
14;106102-523;523;P;Lokal wyborczy Bałuty Nr. 523;ul. Romanowska 1-523 91-174 Łódź-Bałuty;2131
14;106102-524;524;P;Lokal wyborczy Bałuty Nr. 524;ul. Romanowska 1-524 91-174 Łódź-Bałuty;1253
14;106102-525;525;P;Lokal wyborczy Bałuty Nr. 525;ul. Romanowska 1-525 91-174 Łódź-Bałuty;1154
14;106102-526;526;P;Lokal wyborczy Bałuty Nr. 526;ul. Romanowska 1-526 91-174 Łódź-Bałuty;1953
14;106102-527;527;P;Lokal wyborczy Bałuty Nr. 527;ul. Romanowska 1-527 91-174 Łódź-Bałuty;993
14;106102-528;528;P;Lokal wyborczy Bałuty Nr. 528;ul. Romanowska 1-528 91-174 Łódź-Bałuty;2356
14;106102-529;529;P;Lokal wyborczy Bałuty Nr. 529;ul. Romanowska 1-529 91-174 Łódź-Bałuty;1682
14;106102-530;530;P;Lokal wyborczy Bałuty Nr. 530;ul. Romanowska 1-530 91-174 Łódź-Bałuty;167
14;106102-531;531;P;Lokal wyborczy Bałuty Nr. 531;ul. Romanowska 1-531 91-174 Łódź-Bałuty;1683
14;106102-532;532;P;Lokal wyborczy Bałuty Nr. 532;ul. Romanowska 1-532 91-174 Łódź-Bałuty;1685
14;106102-533;533;P;Lokal wyborczy Bałuty Nr. 533;ul. Romanowska 1-533 91-174 Łódź-Bałuty;1992
14;106102-534;534;P;Lokal wyborczy Bałuty Nr. 534;ul. Romanowska 1-534 91-174 Łódź-Bałuty;1302
14;106102-535;535;P;Lokal wyborczy Bałuty Nr. 535;ul. Romanowska 1-535 91-174 Łódź-Bałuty;975
14;106102-536;536;P;Lokal wyborczy Bałuty Nr. 536;ul. Romanowska 1-536 91-174 Łódź-Bałuty;1487
14;106102-537;537;P;Lokal wyborczy Bałuty Nr. 537;ul. Romanowska 1-537 91-174 Łódź-Bałuty;2114
14;106102-538;538;P;Lokal wyborczy Bałuty Nr. 538;ul. Romanowska 1-538 91-174 Łódź-Bałuty;376
14;106102-539;539;P;Lokal wyborczy Bałuty Nr. 539;ul. Romanowska 1-539 91-174 Łódź-Bałuty;1229
14;106102-540;540;P;Lokal wyborczy Bałuty Nr. 540;ul. Romanowska 1-540 91-174 Łódź-Bałuty;105
14;106102-541;541;P;Lokal wyborczy Bałuty Nr. 541;ul. Romanowska 1-541 91-174 Łódź-Bałuty;2382
14;106102-542;542;P;Lokal wyborczy Bałuty Nr. 542;ul. Romanowska 1-542 91-174 Łódź-Bałuty;241
14;106102-543;543;P;Lokal wyborczy Bałuty Nr. 543;ul. Romanowska 1-543 91-174 Łódź-Bałuty;1063
14;106102-544;544;P;Lokal wyborczy Bałuty Nr. 544;ul. Romanowska 1-544 91-174 Łódź-Bałuty;1100
14;106102-545;545;P;Lokal wyborczy Bałuty Nr. 545;ul. Romanowska 1-545 91-174 Łódź-Bałuty;1766
14;106102-546;546;P;Lokal wyborczy Bałuty Nr. 546;ul. Romanowska 1-546 91-174 Łódź-Bałuty;2681
14;106102-547;547;P;Lokal wyborczy Bałuty Nr. 547;ul. Romanowska 1-547 91-174 Łódź-Bałuty;30
14;106102-548;548;P;Lokal wyborczy Bałuty Nr. 548;ul. Romanowska 1-548 91-174 Łódź-Bałuty;2136
14;106102-549;549;P;Lokal wyborczy Bałuty Nr. 549;ul. Romanowska 1-549 91-174 Łódź-Bałuty;1683
14;106102-550;550;P;Lokal wyborczy Bałuty Nr. 550;ul. Romanowska 1-550 91-174 Łódź-Bałuty;1667
14;106102-551;551;P;Lokal wyborczy Bałuty Nr. 551;ul. Romanowska 1-551 91-174 Łódź-Bałuty;2383
14;106102-552;552;P;Lokal wyborczy Bałuty Nr. 552;ul. Romanowska 1-552 91-174 Łódź-Bałuty;2422
14;106102-553;553;P;Lokal wyborczy Bałuty Nr. 553;ul. Romanowska 1-553 91-174 Łódź-Bałuty;1955
14;106102-554;554;P;Lokal wyborczy Bałuty Nr. 554;ul. Romanowska 1-554 91-174 Łódź-Bałuty;2919
